Day,Path,Symbol,EntryTime,EntryPrice,ExitTime,ExitPrice,Shares,ExitReason,PnL$,PnL%,CumTradePnL$
2026-06-08,"P3-B(touch,vol>5k)",INHD,12:48,7.3293,12:49,7.6225,7,scale+4%,2.0524,4.0,2.0524
2026-06-08,"P3-B(touch,vol>5k)",INHD,12:48,7.3293,13:05,9.3901,3,floor+28.12%,6.1824,28.117,8.2348
2026-06-08,P1-MACD Cross,INHD,10:07,2.5963,10:08,2.7002,7,scale+4% *AMBIG,0.7273,4.002,0.7273
2026-06-08,P1-MACD Cross,INHD,10:07,2.5963,10:08,2.8511,3,floor+9.81% *AMBIG,0.7644,9.814,1.4917
2026-06-08,P1-MACD Cross,INHD,10:54,4.21,10:55,4.3784,7,scale+4% *AMBIG,1.1788,4.0,1.1788
2026-06-08,P1-MACD Cross,INHD,10:54,4.21,10:55,4.4669,3,floor+6.10% *AMBIG,0.7707,6.102,1.9495
2026-06-08,P1-MACD Cross,INHD,11:38,7.4981,11:39,7.798,7,scale+4%,2.0993,4.0,2.0993
2026-06-08,P1-MACD Cross,INHD,11:38,7.4981,11:39,8.0575,3,floor+7.46%,1.6782,7.461,3.7775
2026-06-08,P2-VWAP Breakout,INHD,09:53,1.98,09:54,2.0592,7,scale+4%,0.5544,4.0,0.5544
2026-06-08,P2-VWAP Breakout,INHD,09:53,1.98,09:54,2.4003,3,floor+21.23%,1.2609,21.227,1.8153
2026-06-08,"P3-B(touch,vol>5k)",BYAH,15:37,2.5652,15:38,2.6678,7,scale+4% *AMBIG,0.7182,4.0,0.7182
2026-06-08,"P3-B(touch,vol>5k)",BYAH,15:37,2.5652,15:38,2.6315,3,floor+2.59% *AMBIG,0.1989,2.585,0.9171
2026-06-08,"P3-B(touch,vol>5k)",BYAH,16:47,1.8834,16:48,1.9587,7,scale+4% *AMBIG,0.5271,3.998,0.5271
2026-06-08,"P3-B(touch,vol>5k)",BYAH,16:47,1.8834,16:48,1.9317,3,floor+2.57% *AMBIG,0.1449,2.565,0.672
2026-06-08,"P3-B(touch,vol>5k)",BYAH,17:36,1.4886,17:37,1.5481,7,scale+4%,0.4165,3.997,0.4165
2026-06-08,"P3-B(touch,vol>5k)",BYAH,17:36,1.4886,17:37,1.6577,3,floor+11.36%,0.5073,11.36,0.9238
2026-06-08,P2-VWAP Breakout,BYAH,13:22,1.96,13:23,1.9992,5,scale+2% *AMBIG,0.196,2.0,0.196
2026-06-08,P2-VWAP Breakout,BYAH,13:22,1.96,13:23,1.9894,5,floor+1.50% *AMBIG,0.147,1.5,0.343
2026-06-08,P2-VWAP Breakout,BYAH,15:39,3.2254,15:40,3.3544,7,scale+4% *AMBIG,0.903,4.0,0.903
2026-06-08,P2-VWAP Breakout,BYAH,15:39,3.2254,15:40,3.7015,3,floor+14.76% *AMBIG,1.4283,14.761,2.3313
2026-06-08,"P3-B(touch,vol>5k)",CHAI,10:41,0.836,11:22,0.836,10,floor@BE,0.0,0.0,0.0
2026-06-08,"P3-B(touch,vol>5k)",CHAI,16:26,0.8213,16:27,0.8542,7,scale+4%,0.2303,4.006,0.2303
2026-06-08,"P3-B(touch,vol>5k)",CHAI,16:26,0.8213,16:27,1.2277,3,floor+49.48%,1.2192,49.483,1.4495
2026-06-08,"P3-B(touch,vol>5k)",CHAI,17:13,2.6938,17:14,2.8016,7,scale+4%,0.7546,4.002,0.7546
2026-06-08,"P3-B(touch,vol>5k)",CHAI,17:13,2.6938,17:14,3.3496,3,floor+24.34%,1.9674,24.345,2.722
2026-06-08,"P3-B(touch,vol>5k)",CHAI,18:48,2.5979,18:49,2.6499,5,scale+2%,0.26,2.002,0.26
2026-06-08,"P3-B(touch,vol>5k)",CHAI,18:48,2.5979,18:49,2.6369,5,floor+1.50%,0.195,1.501,0.455
2026-06-08,P1-MACD Cross,CHAI,19:34,3.2003,19:35,3.1523,10,hard-stop,-0.48,-1.5,-0.48
2026-06-08,P1-MACD Cross,CHAI,19:48,3.1703,19:49,3.1227,10,hard-stop,-0.476,-1.501,-0.476
2026-06-08,P2-VWAP Breakout,CHAI,18:57,2.9,18:58,2.8565,10,hard-stop,-0.435,-1.5,-0.435
2026-06-08,P2-VWAP Breakout,CHAI,18:59,2.95,19:00,3.068,7,scale+4% *AMBIG,0.826,4.0,0.826
2026-06-08,P2-VWAP Breakout,CHAI,18:59,2.95,19:00,3.0756,3,floor+4.26% *AMBIG,0.3768,4.258,1.2028
2026-06-08,P2-VWAP Breakout,CHAI,19:05,3.09,19:06,3.1518,5,scale+2% *AMBIG,0.309,2.0,0.309
2026-06-08,P2-VWAP Breakout,CHAI,19:05,3.09,19:06,3.1054,5,floor+0.50% *AMBIG,0.077,0.498,0.386
2026-06-08,"P3-B(touch,vol>5k)",BGI,17:41,0.6344,17:42,0.6598,7,scale+4%,0.1778,4.004,0.1778
2026-06-08,"P3-B(touch,vol>5k)",BGI,17:41,0.6344,17:42,1.0305,3,floor+62.43%,1.1883,62.437,1.3661
2026-06-08,"P3-B(touch,vol>5k)",BGI,19:23,0.6154,19:24,0.6062,10,hard-stop,-0.092,-1.495,-0.092
2026-06-08,"P3-B(touch,vol>5k)",CCTG,16:00,0.5121,16:01,0.5326,7,scale+4% *AMBIG,0.1435,4.003,0.1435
2026-06-08,"P3-B(touch,vol>5k)",CCTG,16:00,0.5121,16:01,0.7422,3,floor+44.94% *AMBIG,0.6903,44.933,0.8338
2026-06-08,"P3-B(touch,vol>5k)",CCTG,17:07,1.2321,17:08,1.2567,5,scale+2% *AMBIG,0.123,1.997,0.123
2026-06-08,"P3-B(touch,vol>5k)",CCTG,17:07,1.2321,17:08,1.2383,5,floor+0.50% *AMBIG,0.031,0.503,0.154
2026-06-08,"P3-B(touch,vol>5k)",CCTG,18:14,0.9214,18:15,0.9076,10,hard-stop,-0.138,-1.498,-0.138
2026-06-09,"P3-B(touch,vol>5k)",AZI,09:30,3.4873,09:31,3.6268,7,scale+4% *AMBIG,0.9765,4.0,0.9765
2026-06-09,"P3-B(touch,vol>5k)",AZI,09:30,3.4873,09:31,3.8477,3,floor+10.33% *AMBIG,1.0812,10.335,2.0577
2026-06-09,"P3-B(touch,vol>5k)",AZI,11:30,3.6829,11:31,3.6277,10,hard-stop,-0.552,-1.499,-0.552
2026-06-09,"P3-B(touch,vol>5k)",AZI,13:20,5.1244,13:21,5.3294,7,scale+4%,1.435,4.0,1.435
2026-06-09,"P3-B(touch,vol>5k)",AZI,13:20,5.1244,13:21,5.3531,3,floor+4.46%,0.6861,4.463,2.1211
2026-06-09,"P3-B(touch,vol>5k)",AZI,16:08,2.1973,16:09,2.2852,7,scale+4%,0.6153,4.0,0.6153
2026-06-09,"P3-B(touch,vol>5k)",AZI,16:08,2.1973,16:09,2.967,3,floor+35.03%,2.3091,35.029,2.9244
2026-06-09,"P3-B(touch,vol>5k)",AZI,17:39,2.2491,17:40,2.2941,5,scale+2%,0.225,2.001,0.225
2026-06-09,"P3-B(touch,vol>5k)",AZI,17:39,2.2491,17:40,2.2603,5,floor+0.50%,0.056,0.498,0.281
2026-06-09,"P3-B(touch,vol>5k)",AZI,18:37,2.3818,18:38,2.4771,7,scale+4%,0.6671,4.001,0.6671
2026-06-09,"P3-B(touch,vol>5k)",AZI,18:37,2.3818,18:38,2.4643,3,floor+3.46%,0.2475,3.464,0.9146
2026-06-09,P1-MACD Cross,AZI,12:18,5.87,12:19,6.1048,7,scale+4%,1.6436,4.0,1.6436
2026-06-09,P1-MACD Cross,AZI,12:18,5.87,12:19,6.412,3,floor+9.23%,1.626,9.233,3.2696
2026-06-09,P2-VWAP Breakout,AZI,14:15,5.42,14:16,5.5284,5,scale+2% *AMBIG,0.542,2.0,0.542
2026-06-09,P2-VWAP Breakout,AZI,14:15,5.42,14:16,5.5013,5,floor+1.50% *AMBIG,0.4065,1.5,0.9485
2026-06-09,"P3-B(touch,vol>5k)",CCTG,08:19,2.2063,08:20,2.2946,7,scale+4% *AMBIG,0.6181,4.002,0.6181
2026-06-09,"P3-B(touch,vol>5k)",CCTG,08:19,2.2063,08:20,2.2669,3,floor+2.75% *AMBIG,0.1818,2.747,0.7999
2026-06-09,"P3-B(touch,vol>5k)",CCTG,12:12,3.2842,12:27,3.2349,10,hard-stop,-0.493,-1.501,-0.493
2026-06-09,"P3-B(touch,vol>5k)",CCTG,15:25,2.2821,15:26,2.3277,5,scale+2% *AMBIG,0.228,1.998,0.228
2026-06-09,"P3-B(touch,vol>5k)",CCTG,15:25,2.2821,15:26,2.3163,5,floor+1.50% *AMBIG,0.171,1.499,0.399
2026-06-09,"P3-B(touch,vol>5k)",CCTG,16:00,2.04,16:01,2.1216,7,scale+4%,0.5712,4.0,0.5712
2026-06-09,"P3-B(touch,vol>5k)",CCTG,16:00,2.04,16:01,3.3094,3,floor+62.23%,3.8082,62.225,4.3794
2026-06-09,"P3-B(touch,vol>5k)",CCTG,17:27,1.5895,17:28,1.6531,7,scale+4%,0.4452,4.001,0.4452
2026-06-09,"P3-B(touch,vol>5k)",CCTG,17:27,1.5895,17:28,1.7162,3,floor+7.97%,0.3801,7.971,0.8253
2026-06-09,"P3-B(touch,vol>5k)",CCTG,18:02,1.8041,18:03,1.777,10,hard-stop,-0.271,-1.502,-0.271
2026-06-09,"P3-B(touch,vol>5k)",CCTG,19:36,1.393,19:37,1.3721,10,hard-stop,-0.209,-1.5,-0.209
2026-06-09,P1-MACD Cross,CCTG,08:53,2.99,08:54,3.1096,7,scale+4%,0.8372,4.0,0.8372
2026-06-09,P1-MACD Cross,CCTG,08:53,2.99,08:54,3.2551,3,floor+8.87%,0.7953,8.866,1.6325
2026-06-09,P1-MACD Cross,CCTG,09:57,5.07,10:03,5.1714,5,scale+2% *AMBIG,0.507,2.0,0.507
2026-06-09,P1-MACD Cross,CCTG,09:57,5.07,10:03,5.0953,5,floor+0.50% *AMBIG,0.1265,0.499,0.6335
2026-06-09,P2-VWAP Breakout,CCTG,07:02,1.6213,07:03,1.6862,7,scale+4% *AMBIG,0.4543,4.003,0.4543
2026-06-09,P2-VWAP Breakout,CCTG,07:02,1.6213,07:03,1.6657,3,floor+2.74% *AMBIG,0.1332,2.739,0.5875
2026-06-09,P2-VWAP Breakout,CCTG,08:28,2.44,08:29,2.5376,7,scale+4% *AMBIG,0.6832,4.0,0.6832
2026-06-09,P2-VWAP Breakout,CCTG,08:28,2.44,08:29,2.6034,3,floor+6.70% *AMBIG,0.4902,6.697,1.1734
2026-06-09,"P3-B(touch,vol>5k)",AHMA,11:01,2.1413,11:02,2.227,7,scale+4%,0.5999,4.002,0.5999
2026-06-09,"P3-B(touch,vol>5k)",AHMA,11:01,2.1413,11:02,2.2679,3,floor+5.91%,0.3798,5.912,0.9797
2026-06-09,"P3-B(touch,vol>5k)",AHMA,13:57,2.1884,13:58,2.2759,7,scale+4%,0.6125,3.998,0.6125
2026-06-09,"P3-B(touch,vol>5k)",AHMA,13:57,2.1884,13:58,2.2972,3,floor+4.97%,0.3264,4.972,0.9389
2026-06-09,"P3-B(touch,vol>5k)",AHMA,15:01,2.2794,15:02,2.3706,7,scale+4%,0.6384,4.001,0.6384
2026-06-09,"P3-B(touch,vol>5k)",AHMA,15:01,2.2794,15:02,2.4458,3,floor+7.30%,0.4992,7.3,1.1376
2026-06-09,"P3-B(touch,vol>5k)",AHMA,16:02,1.7098,16:03,1.7098,10,floor@BE *AMBIG,0.0,0.0,0.0
2026-06-09,"P3-B(touch,vol>5k)",CHAI,08:44,3.4516,08:45,3.5897,7,scale+4%,0.9667,4.001,0.9667
2026-06-09,"P3-B(touch,vol>5k)",CHAI,08:44,3.4516,08:45,3.5882,3,floor+3.96%,0.4098,3.958,1.3765
2026-06-09,"P3-B(touch,vol>5k)",CHAI,10:55,2.8184,10:56,2.7761,10,hard-stop,-0.423,-1.501,-0.423
2026-06-09,"P3-B(touch,vol>5k)",CHAI,12:36,2.9745,12:37,2.9299,10,hard-stop,-0.446,-1.499,-0.446
2026-06-09,"P3-B(touch,vol>5k)",CHAI,13:18,2.5965,13:19,2.5965,10,floor@BE,0.0,0.0,0.0
2026-06-09,"P3-B(touch,vol>5k)",CHAI,14:03,2.5375,14:04,2.5882,5,scale+2%,0.2535,1.998,0.2535
2026-06-09,"P3-B(touch,vol>5k)",CHAI,14:03,2.5375,14:04,2.5502,5,floor+0.50%,0.0635,0.5,0.317
2026-06-09,"P3-B(touch,vol>5k)",CHAI,14:26,2.5076,14:27,2.6079,7,scale+4% *AMBIG,0.7021,4.0,0.7021
2026-06-09,"P3-B(touch,vol>5k)",CHAI,14:26,2.5076,14:27,2.5709,3,floor+2.52% *AMBIG,0.1899,2.524,0.892
2026-06-09,"P3-B(touch,vol>5k)",CHAI,16:31,1.6499,16:33,1.6829,5,scale+2% *AMBIG,0.165,2.0,0.165
2026-06-09,"P3-B(touch,vol>5k)",CHAI,16:31,1.6499,16:33,1.6746,5,floor+1.50% *AMBIG,0.1235,1.497,0.2885
2026-06-09,"P3-B(touch,vol>5k)",CHAI,19:26,1.651,19:29,1.684,5,scale+2%,0.165,1.999,0.165
2026-06-09,"P3-B(touch,vol>5k)",CHAI,19:26,1.651,19:35,1.6593,5,floor+0.50%,0.0415,0.503,0.2065
2026-06-09,P2-VWAP Breakout,CHAI,07:02,4.78,07:03,4.8756,5,scale+2% *AMBIG,0.478,2.0,0.478
2026-06-09,P2-VWAP Breakout,CHAI,07:02,4.78,07:03,4.8039,5,floor+0.50% *AMBIG,0.1195,0.5,0.5975
2026-06-09,P2-VWAP Breakout,CHAI,07:10,4.82,07:11,5.0128,7,scale+4% *AMBIG,1.3496,4.0,1.3496
2026-06-09,P2-VWAP Breakout,CHAI,07:10,4.82,07:11,4.979,3,floor+3.30% *AMBIG,0.477,3.299,1.8266
2026-06-09,"P3-B(touch,vol>5k)",DAIC,08:49,2.7452,08:50,2.704,10,hard-stop,-0.412,-1.501,-0.412
2026-06-09,"P3-B(touch,vol>5k)",DAIC,10:38,2.8948,10:39,2.9527,5,scale+2% *AMBIG,0.2895,2.0,0.2895
2026-06-09,"P3-B(touch,vol>5k)",DAIC,10:38,2.8948,10:39,2.9382,5,floor+1.50% *AMBIG,0.217,1.499,0.5065
2026-06-09,"P3-B(touch,vol>5k)",DAIC,12:06,2.2356,12:07,2.2356,10,floor@BE,0.0,0.0,0.0
2026-06-09,"P3-B(touch,vol>5k)",DAIC,12:46,2.079,12:47,2.079,10,floor@BE,0.0,0.0,0.0
2026-06-10,"P3-B(touch,vol>5k)",DSY,09:57,9.4653,09:58,9.3233,10,hard-stop,-1.42,-1.5,-1.42
2026-06-10,"P3-B(touch,vol>5k)",DSY,12:44,8.1976,12:45,8.3616,5,scale+2% *AMBIG,0.82,2.001,0.82
2026-06-10,"P3-B(touch,vol>5k)",DSY,12:44,8.1976,12:45,8.3206,5,floor+1.50% *AMBIG,0.615,1.5,1.435
2026-06-10,"P3-B(touch,vol>5k)",DSY,15:11,9.0826,15:12,9.2643,5,scale+2% *AMBIG,0.9085,2.001,0.9085
2026-06-10,"P3-B(touch,vol>5k)",DSY,15:11,9.0826,15:12,9.128,5,floor+0.50% *AMBIG,0.227,0.5,1.1355
2026-06-10,"P3-B(touch,vol>5k)",DSY,17:16,5.3824,17:17,5.5977,7,scale+4% *AMBIG,1.5071,4.0,1.5071
2026-06-10,"P3-B(touch,vol>5k)",DSY,17:16,5.3824,17:17,5.6893,3,floor+5.70% *AMBIG,0.9207,5.702,2.4278
2026-06-10,"P3-B(touch,vol>5k)",CIIT,08:17,3.5879,08:18,3.5341,10,hard-stop,-0.538,-1.499,-0.538
2026-06-10,"P3-B(touch,vol>5k)",CIIT,09:32,3.4529,09:37,3.591,7,scale+4% *AMBIG,0.9667,4.0,0.9667
2026-06-10,"P3-B(touch,vol>5k)",CIIT,09:32,3.4529,09:37,3.8982,3,floor+12.90% *AMBIG,1.3359,12.896,2.3026
2026-06-10,"P3-B(touch,vol>5k)",CIIT,10:54,3.1742,10:55,3.3012,7,scale+4% *AMBIG,0.889,4.001,0.889
2026-06-10,"P3-B(touch,vol>5k)",CIIT,10:54,3.1742,10:55,3.372,3,floor+6.23% *AMBIG,0.5934,6.231,1.4824
2026-06-10,"P3-B(touch,vol>5k)",CIIT,13:20,1.9329,13:21,1.9716,5,scale+2%,0.1935,2.002,0.1935
2026-06-10,"P3-B(touch,vol>5k)",CIIT,13:20,1.9329,13:21,1.9619,5,floor+1.50%,0.145,1.5,0.3385
2026-06-10,"P3-B(touch,vol>5k)",CIIT,13:51,2.2034,13:52,2.2034,10,floor@BE *AMBIG,0.0,0.0,0.0
2026-06-10,"P3-B(touch,vol>5k)",CIIT,15:19,2.0023,15:20,2.0824,7,scale+4%,0.5607,4.0,0.5607
2026-06-10,"P3-B(touch,vol>5k)",CIIT,15:19,2.0023,15:20,2.09,3,floor+4.38%,0.2631,4.38,0.8238
2026-06-10,"P3-B(touch,vol>5k)",CIIT,16:37,1.501,16:38,1.4785,10,hard-stop,-0.225,-1.499,-0.225
2026-06-10,"P3-B(touch,vol>5k)",CIIT,17:38,1.5451,17:39,1.6069,7,scale+4%,0.4326,4.0,0.4326
2026-06-10,"P3-B(touch,vol>5k)",CIIT,17:38,1.5451,17:39,1.6688,3,floor+8.01%,0.3711,8.006,0.8037
2026-06-10,P1-MACD Cross,CIIT,09:37,3.81,09:38,3.9624,7,scale+4% *AMBIG,1.0668,4.0,1.0668
2026-06-10,P1-MACD Cross,CIIT,09:37,3.81,09:38,4.2428,3,floor+11.36% *AMBIG,1.2984,11.36,2.3652
2026-06-10,P2-VWAP Breakout,CIIT,09:00,4.03,09:01,4.03,10,floor@BE *AMBIG,0.0,0.0,0.0
2026-06-10,"P3-B(touch,vol>5k)",DAIC,08:50,1.8739,08:51,1.8458,10,hard-stop,-0.281,-1.5,-0.281
2026-06-10,"P3-B(touch,vol>5k)",DAIC,10:57,1.7076,11:05,1.682,10,hard-stop,-0.256,-1.499,-0.256
2026-06-10,"P3-B(touch,vol>5k)",DAIC,12:25,1.8441,12:37,1.881,5,scale+2%,0.1845,2.001,0.1845
2026-06-10,"P3-B(touch,vol>5k)",DAIC,12:25,1.8441,12:37,1.86,5,tier-macd,0.0795,0.862,0.264
2026-06-10,"P3-B(touch,vol>5k)",DAIC,16:00,1.9029,16:01,1.979,7,scale+4% *AMBIG,0.5327,3.999,0.5327
2026-06-10,"P3-B(touch,vol>5k)",DAIC,16:00,1.9029,16:01,2.0715,3,floor+8.86% *AMBIG,0.5058,8.86,1.0385
2026-06-10,"P3-B(touch,vol>5k)",DAIC,18:00,2.2,18:01,2.244,5,scale+2% *AMBIG,0.22,2.0,0.22
2026-06-10,"P3-B(touch,vol>5k)",DAIC,18:00,2.2,18:01,2.211,5,floor+0.50% *AMBIG,0.055,0.5,0.275
2026-06-10,P2-VWAP Breakout,DAIC,08:03,3.8274,08:04,3.8274,10,floor@BE *AMBIG,0.0,0.0,0.0
2026-06-10,"P3-B(touch,vol>5k)",BATL,09:02,1.3894,09:14,1.39,10,tier-macd,0.006,0.043,0.006
2026-06-10,"P3-B(touch,vol>5k)",BATL,09:51,1.3807,10:01,1.375,10,tier-macd,-0.057,-0.413,-0.057
2026-06-10,"P3-B(touch,vol>5k)",BATL,11:06,1.5609,11:08,1.5609,10,floor@BE,0.0,0.0,0.0
2026-06-10,"P3-B(touch,vol>5k)",BATL,11:48,1.6104,11:49,1.6748,7,scale+4% *AMBIG,0.4508,3.999,0.4508
2026-06-10,"P3-B(touch,vol>5k)",BATL,11:48,1.6104,11:49,1.6658,3,floor+3.44% *AMBIG,0.1662,3.44,0.617
2026-06-10,"P3-B(touch,vol>5k)",BATL,13:11,2.1634,13:12,2.1309,10,hard-stop,-0.325,-1.502,-0.325
2026-06-10,"P3-B(touch,vol>5k)",BATL,16:23,2.1067,16:24,2.0751,10,hard-stop,-0.316,-1.5,-0.316
2026-06-10,"P3-B(touch,vol>5k)",BATL,17:56,2.2182,17:59,2.2626,5,scale+2%,0.222,2.002,0.222
2026-06-10,"P3-B(touch,vol>5k)",BATL,17:56,2.2182,17:59,2.2293,5,floor+0.50%,0.0555,0.5,0.2775
2026-06-10,"P3-B(touch,vol>5k)",BATL,18:38,2.217,18:39,2.2613,5,scale+2% *AMBIG,0.2215,1.998,0.2215
2026-06-10,"P3-B(touch,vol>5k)",BATL,18:38,2.217,18:39,2.2281,5,floor+0.50% *AMBIG,0.0555,0.501,0.277
2026-06-10,P1-MACD Cross,BATL,10:05,1.395,10:12,1.4229,5,scale+2% *AMBIG,0.1395,2.0,0.1395
2026-06-10,P1-MACD Cross,BATL,10:05,1.395,10:12,1.402,5,floor+0.50% *AMBIG,0.035,0.502,0.1745
2026-06-10,P1-MACD Cross,BATL,11:48,1.66,11:49,1.66,10,floor@BE *AMBIG,0.0,0.0,0.0
2026-06-10,P1-MACD Cross,BATL,12:14,1.885,12:15,1.9604,7,scale+4%,0.5278,4.0,0.5278
2026-06-10,P1-MACD Cross,BATL,12:14,1.885,12:15,1.9417,3,floor+3.01%,0.1701,3.008,0.6979
2026-06-10,P1-MACD Cross,BATL,12:19,1.93,12:20,1.9686,5,scale+2% *AMBIG,0.193,2.0,0.193
2026-06-10,P1-MACD Cross,BATL,12:19,1.93,12:20,1.9589,5,floor+1.50% *AMBIG,0.1445,1.497,0.3375
2026-06-10,P1-MACD Cross,BATL,15:01,2.1689,15:02,2.2123,5,scale+2% *AMBIG,0.217,2.001,0.217
2026-06-10,P1-MACD Cross,BATL,15:01,2.1689,15:02,2.1797,5,floor+0.50% *AMBIG,0.054,0.498,0.271
2026-06-10,P1-MACD Cross,BATL,15:19,2.31,15:20,2.31,10,floor@BE *AMBIG,0.0,0.0,0.0
2026-06-10,P1-MACD Cross,BATL,15:28,2.395,15:29,2.395,10,floor@BE,0.0,0.0,0.0
2026-06-10,P1-MACD Cross,BATL,17:07,2.3,17:08,2.3,10,floor@BE,0.0,0.0,0.0
2026-06-10,P1-MACD Cross,BATL,18:38,2.22,18:39,2.2644,5,scale+2% *AMBIG,0.222,2.0,0.222
2026-06-10,P1-MACD Cross,BATL,18:38,2.22,18:39,2.2311,5,floor+0.50% *AMBIG,0.0555,0.5,0.2775
2026-06-10,P2-VWAP Breakout,BATL,14:33,2.0966,14:34,2.0652,10,hard-stop,-0.314,-1.498,-0.314
2026-06-10,P2-VWAP Breakout,BATL,14:35,2.1499,14:36,2.1177,10,hard-stop,-0.322,-1.498,-0.322
2026-06-10,P2-VWAP Breakout,BATL,16:45,2.15,16:46,2.193,5,scale+2% *AMBIG,0.215,2.0,0.215
2026-06-10,P2-VWAP Breakout,BATL,16:45,2.15,16:46,2.1607,5,floor+0.50% *AMBIG,0.0535,0.498,0.2685
2026-06-10,"P3-B(touch,vol>5k)",CNET,11:58,0.8203,11:59,0.8531,7,scale+4%,0.2296,3.999,0.2296
2026-06-10,"P3-B(touch,vol>5k)",CNET,11:58,0.8203,11:59,0.9477,3,floor+15.53%,0.3822,15.531,0.6118
2026-06-10,"P3-B(touch,vol>5k)",CNET,14:17,1.0919,14:18,1.1356,7,scale+4% *AMBIG,0.3059,4.002,0.3059
2026-06-10,"P3-B(touch,vol>5k)",CNET,14:17,1.0919,14:18,1.2836,3,floor+17.56% *AMBIG,0.5751,17.557,0.881
2026-06-10,P1-MACD Cross,CNET,14:16,1.07,14:17,1.1128,7,scale+4%,0.2996,4.0,0.2996
2026-06-10,P1-MACD Cross,CNET,14:16,1.07,14:17,1.184,3,floor+10.65%,0.342,10.654,0.6416
2026-06-11,"P3-B(touch,vol>5k)",PPCB,08:19,2.223,08:20,2.223,10,floor@BE *AMBIG,0.0,0.0,0.0
2026-06-11,"P3-B(touch,vol>5k)",PPCB,13:39,3.0846,13:40,3.208,7,scale+4%,0.8638,4.001,0.8638
2026-06-11,"P3-B(touch,vol>5k)",PPCB,13:39,3.0846,13:40,3.3837,3,floor+9.70%,0.8973,9.697,1.7611
2026-06-11,"P3-B(touch,vol>5k)",PPCB,14:20,3.1406,14:21,3.1406,10,floor@BE *AMBIG,0.0,0.0,0.0
2026-06-11,"P3-B(touch,vol>5k)",PPCB,16:24,2.4138,16:25,2.3776,10,hard-stop,-0.362,-1.5,-0.362
2026-06-11,P1-MACD Cross,PPCB,09:17,3.15,09:18,3.15,10,floor@BE *AMBIG,0.0,0.0,0.0
2026-06-11,P1-MACD Cross,PPCB,09:30,3.53,09:31,3.6712,7,scale+4% *AMBIG,0.9884,4.0,0.9884
2026-06-11,P1-MACD Cross,PPCB,09:30,3.53,09:31,4.1369,3,floor+17.19% *AMBIG,1.8207,17.193,2.8091
2026-06-11,P1-MACD Cross,PPCB,10:12,5.7499,10:13,5.9799,7,scale+4% *AMBIG,1.61,4.0,1.61
2026-06-11,P1-MACD Cross,PPCB,10:12,5.7499,10:13,5.9138,3,floor+2.85% *AMBIG,0.4917,2.85,2.1017
2026-06-11,P2-VWAP Breakout,PPCB,07:03,2.7782,07:04,2.8893,7,scale+4%,0.7777,3.999,0.7777
2026-06-11,P2-VWAP Breakout,PPCB,07:03,2.7782,07:04,2.9183,3,floor+5.04%,0.4203,5.043,1.198
2026-06-11,P2-VWAP Breakout,PPCB,08:30,2.48,08:31,2.5792,7,scale+4% *AMBIG,0.6944,4.0,0.6944
2026-06-11,P2-VWAP Breakout,PPCB,08:30,2.48,08:31,2.5428,3,floor+2.53% *AMBIG,0.1884,2.532,0.8828
2026-06-11,P2-VWAP Breakout,PPCB,08:32,2.4595,08:33,2.5579,7,scale+4%,0.6888,4.001,0.6888
2026-06-11,P2-VWAP Breakout,PPCB,08:32,2.4595,08:33,2.5531,3,floor+3.81%,0.2808,3.806,0.9696
2026-06-11,"P3-B(touch,vol>5k)",EDHL,11:32,8.7901,11:33,9.1417,7,scale+4% *AMBIG,2.4612,4.0,2.4612
2026-06-11,"P3-B(touch,vol>5k)",EDHL,11:32,8.7901,11:33,9.268,3,floor+5.44% *AMBIG,1.4337,5.437,3.8949
2026-06-11,"P3-B(touch,vol>5k)",EDHL,13:03,6.8664,13:04,7.1411,7,scale+4%,1.9229,4.001,1.9229
2026-06-11,"P3-B(touch,vol>5k)",EDHL,13:03,6.8664,13:04,7.318,3,floor+6.58%,1.3548,6.577,3.2777
2026-06-11,"P3-B(touch,vol>5k)",EDHL,15:14,6.7402,15:16,6.6391,10,hard-stop,-1.011,-1.5,-1.011
2026-06-11,"P3-B(touch,vol>5k)",EDHL,19:06,7.3952,19:07,7.691,7,scale+4% *AMBIG,2.0706,4.0,2.0706
2026-06-11,"P3-B(touch,vol>5k)",EDHL,19:06,7.3952,19:07,7.6891,3,floor+3.97% *AMBIG,0.8817,3.974,2.9523
2026-06-11,"P3-B(touch,vol>5k)",EDHL,19:49,10.5622,19:50,10.4038,10,hard-stop,-1.584,-1.5,-1.584
2026-06-11,P1-MACD Cross,EDHL,19:43,10.12,19:44,9.9682,10,hard-stop,-1.518,-1.5,-1.518
2026-06-11,P2-VWAP Breakout,EDHL,19:09,9.12,19:10,9.3024,5,scale+2% *AMBIG,0.912,2.0,0.912
2026-06-11,P2-VWAP Breakout,EDHL,19:09,9.12,19:10,9.1656,5,floor+0.50% *AMBIG,0.228,0.5,1.14
2026-06-11,P2-VWAP Breakout,EDHL,19:12,9.1883,19:13,9.5558,7,scale+4%,2.5725,4.0,2.5725
2026-06-11,P2-VWAP Breakout,EDHL,19:12,9.1883,19:13,9.4622,3,floor+2.98%,0.8217,2.981,3.3942
2026-06-11,"P3-B(touch,vol>5k)",PPBT,08:18,2.3645,08:21,2.3645,10,floor@BE,0.0,0.0,0.0
2026-06-11,"P3-B(touch,vol>5k)",PPBT,12:34,1.9881,12:41,1.965,10,tier-macd,-0.231,-1.162,-0.231
2026-06-11,"P3-B(touch,vol>5k)",CCHH,08:06,1.0388,08:07,1.0804,7,scale+4% *AMBIG,0.2912,4.005,0.2912
2026-06-11,"P3-B(touch,vol>5k)",CCHH,08:06,1.0388,08:07,1.1044,3,floor+6.32% *AMBIG,0.1968,6.315,0.488
2026-06-11,"P3-B(touch,vol>5k)",CCHH,09:58,0.8761,09:59,0.9111,7,scale+4% *AMBIG,0.245,3.995,0.245
2026-06-11,"P3-B(touch,vol>5k)",CCHH,09:58,0.8761,09:59,0.9069,3,floor+3.51% *AMBIG,0.0924,3.516,0.3374
2026-06-11,"P3-B(touch,vol>5k)",CCHH,10:31,0.8071,10:32,0.8394,7,scale+4%,0.2261,4.002,0.2261
2026-06-11,"P3-B(touch,vol>5k)",CCHH,10:31,0.8071,10:32,0.8679,3,floor+7.53%,0.1824,7.533,0.4085
2026-06-11,"P3-B(touch,vol>5k)",CCHH,11:20,0.7785,11:21,0.7668,10,hard-stop,-0.117,-1.503,-0.117
2026-06-11,"P3-B(touch,vol>5k)",CCHH,12:24,0.6437,12:25,0.6694,7,scale+4%,0.1799,3.993,0.1799
2026-06-11,"P3-B(touch,vol>5k)",CCHH,12:24,0.6437,12:25,0.6691,3,floor+3.95%,0.0762,3.946,0.2561
2026-06-11,"P3-B(touch,vol>5k)",CCHH,13:45,0.6221,13:46,0.6128,10,hard-stop,-0.093,-1.495,-0.093
2026-06-11,"P3-B(touch,vol>5k)",CCHH,14:43,0.6038,14:44,0.6038,10,floor@BE,0.0,0.0,0.0
2026-06-11,"P3-B(touch,vol>5k)",CCHH,15:06,0.6125,15:07,0.637,7,scale+4% *AMBIG,0.1715,4.0,0.1715
2026-06-11,"P3-B(touch,vol>5k)",CCHH,15:06,0.6125,15:07,0.6362,3,floor+3.87% *AMBIG,0.0711,3.869,0.2426
2026-06-11,"P3-B(touch,vol>5k)",CCHH,16:00,0.5657,16:01,0.5572,10,hard-stop,-0.085,-1.503,-0.085
2026-06-11,"P3-B(touch,vol>5k)",CCHH,17:38,0.5942,17:39,0.618,7,scale+4%,0.1666,4.005,0.1666
2026-06-11,"P3-B(touch,vol>5k)",CCHH,17:38,0.5942,17:39,0.6224,3,floor+4.74%,0.0846,4.746,0.2512
2026-06-11,"P3-B(touch,vol>5k)",CCHH,18:24,0.5985,18:25,0.5895,10,hard-stop,-0.09,-1.504,-0.09
2026-06-11,"P3-B(touch,vol>5k)",CCHH,19:02,0.601,19:03,0.592,10,hard-stop,-0.09,-1.498,-0.09
2026-06-11,"P3-B(touch,vol>5k)",GLXG,07:18,3.6552,07:19,3.6004,10,hard-stop,-0.548,-1.499,-0.548
2026-06-11,"P3-B(touch,vol>5k)",GLXG,08:52,2.9569,08:53,2.9125,10,hard-stop,-0.444,-1.502,-0.444
2026-06-11,"P3-B(touch,vol>5k)",GLXG,09:11,2.8527,09:12,2.9098,5,scale+2% *AMBIG,0.2855,2.002,0.2855
2026-06-11,"P3-B(touch,vol>5k)",GLXG,09:11,2.8527,09:12,2.867,5,floor+0.50% *AMBIG,0.0715,0.501,0.357
2026-06-11,"P3-B(touch,vol>5k)",GLXG,09:35,2.9447,09:36,3.0036,5,scale+2% *AMBIG,0.2945,2.0,0.2945
2026-06-11,"P3-B(touch,vol>5k)",GLXG,09:35,2.9447,09:36,2.9889,5,floor+1.50% *AMBIG,0.221,1.501,0.5155
2026-06-11,"P3-B(touch,vol>5k)",GLXG,11:17,2.7152,11:18,2.7695,5,scale+2% *AMBIG,0.2715,2.0,0.2715
2026-06-11,"P3-B(touch,vol>5k)",GLXG,11:17,2.7152,11:18,2.7559,5,floor+1.50% *AMBIG,0.2035,1.499,0.475
2026-06-11,"P3-B(touch,vol>5k)",GLXG,11:41,2.5597,11:42,2.5213,10,hard-stop,-0.384,-1.5,-0.384
2026-06-11,"P3-B(touch,vol>5k)",GLXG,12:53,2.311,12:54,2.2763,10,hard-stop,-0.347,-1.502,-0.347
2026-06-11,"P3-B(touch,vol>5k)",GLXG,16:02,2.2231,16:03,2.1898,10,hard-stop,-0.333,-1.498,-0.333
2026-06-11,"P3-B(touch,vol>5k)",GLXG,18:27,2.1871,18:28,2.1543,10,hard-stop,-0.328,-1.5,-0.328
2026-06-11,P2-VWAP Breakout,GLXG,09:41,3.195,09:42,3.3228,7,scale+4%,0.8946,4.0,0.8946
2026-06-11,P2-VWAP Breakout,GLXG,09:41,3.195,09:42,3.4221,3,floor+7.11%,0.6813,7.108,1.5759
2026-06-12,"P3-B(touch,vol>5k)",BYAH,07:35,2.4108,07:36,2.5072,7,scale+4%,0.6748,3.999,0.6748
2026-06-12,"P3-B(touch,vol>5k)",BYAH,07:35,2.4108,07:36,2.5338,3,floor+5.10%,0.369,5.102,1.0438
2026-06-12,"P3-B(touch,vol>5k)",BYAH,08:20,2.4182,08:21,2.5149,7,scale+4%,0.6769,3.999,0.6769
2026-06-12,"P3-B(touch,vol>5k)",BYAH,08:20,2.4182,08:21,2.5237,3,floor+4.36%,0.3165,4.363,0.9934
2026-06-12,"P3-B(touch,vol>5k)",BYAH,09:08,2.8145,09:09,2.8145,10,floor@BE *AMBIG,0.0,0.0,0.0
2026-06-12,"P3-B(touch,vol>5k)",BYAH,10:14,2.747,10:15,2.7058,10,hard-stop,-0.412,-1.5,-0.412
2026-06-12,"P3-B(touch,vol>5k)",BYAH,11:31,2.4467,11:34,2.41,10,hard-stop,-0.367,-1.5,-0.367
2026-06-12,"P3-B(touch,vol>5k)",BYAH,13:19,1.8991,13:21,1.8706,10,hard-stop,-0.285,-1.501,-0.285
2026-06-12,"P3-B(touch,vol>5k)",BYAH,14:08,1.8198,14:09,1.8198,10,floor@BE *AMBIG,0.0,0.0,0.0
2026-06-12,"P3-B(touch,vol>5k)",BYAH,15:00,1.9059,15:01,1.8773,10,hard-stop,-0.286,-1.501,-0.286
2026-06-12,"P3-B(touch,vol>5k)",BYAH,16:41,1.5337,16:42,1.5107,10,hard-stop,-0.23,-1.5,-0.23
2026-06-12,"P3-B(touch,vol>5k)",BYAH,18:24,1.4986,18:25,1.5286,5,scale+2% *AMBIG,0.15,2.002,0.15
2026-06-12,"P3-B(touch,vol>5k)",BYAH,18:24,1.4986,18:25,1.5211,5,floor+1.50% *AMBIG,0.1125,1.501,0.2625
2026-06-12,P1-MACD Cross,BYAH,08:20,2.5114,08:21,2.5114,10,floor@BE *AMBIG,0.0,0.0,0.0
2026-06-12,P2-VWAP Breakout,BYAH,07:35,2.4302,07:36,2.5274,7,scale+4%,0.6804,4.0,0.6804
2026-06-12,P2-VWAP Breakout,BYAH,07:35,2.4302,07:36,2.5335,3,floor+4.25%,0.3099,4.251,0.9903
2026-06-12,P2-VWAP Breakout,BYAH,09:09,2.84,09:10,2.84,10,floor@BE *AMBIG,0.0,0.0,0.0
2026-06-12,P2-VWAP Breakout,BYAH,09:24,2.82,09:25,2.82,10,floor@BE *AMBIG,0.0,0.0,0.0
2026-06-12,P2-VWAP Breakout,BYAH,09:33,2.92,09:34,3.0368,7,scale+4% *AMBIG,0.8176,4.0,0.8176
2026-06-12,P2-VWAP Breakout,BYAH,09:33,2.92,09:34,3.0662,3,floor+5.01% *AMBIG,0.4386,5.007,1.2562
2026-06-12,"P3-B(touch,vol>5k)",CUPR,12:46,4.5625,12:47,4.745,7,scale+4%,1.2775,4.0,1.2775
2026-06-12,"P3-B(touch,vol>5k)",CUPR,12:46,4.5625,12:47,4.8216,3,floor+5.68%,0.7773,5.679,2.0548
2026-06-12,"P3-B(touch,vol>5k)",CUPR,13:37,4.5301,13:38,4.5301,10,floor@BE *AMBIG,0.0,0.0,0.0
2026-06-12,"P3-B(touch,vol>5k)",CUPR,15:15,4.0402,15:16,4.0402,10,floor@BE,0.0,0.0,0.0
2026-06-12,"P3-B(touch,vol>5k)",CUPR,16:54,3.5396,16:55,3.6812,7,scale+4% *AMBIG,0.9912,4.0,0.9912
2026-06-12,"P3-B(touch,vol>5k)",CUPR,16:54,3.5396,16:55,3.8169,3,floor+7.83% *AMBIG,0.8319,7.834,1.8231
2026-06-12,"P3-B(touch,vol>5k)",UBXG,09:30,6.3506,09:31,6.6046,7,scale+4% *AMBIG,1.778,4.0,1.778
2026-06-12,"P3-B(touch,vol>5k)",UBXG,09:30,6.3506,09:31,6.8047,3,floor+7.15% *AMBIG,1.3623,7.151,3.1403
2026-06-12,"P3-B(touch,vol>5k)",UBXG,09:50,6.46,09:51,6.46,10,floor@BE *AMBIG,0.0,0.0,0.0
2026-06-12,"P3-B(touch,vol>5k)",UBXG,11:02,8.1183,11:03,7.9965,10,hard-stop,-1.218,-1.5,-1.218
2026-06-12,"P3-B(touch,vol>5k)",UBXG,12:24,7.5322,12:25,7.8335,7,scale+4%,2.1091,4.0,2.1091
2026-06-12,"P3-B(touch,vol>5k)",UBXG,12:24,7.5322,12:25,7.837,3,floor+4.05%,0.9144,4.047,3.0235
2026-06-12,"P3-B(touch,vol>5k)",UBXG,13:22,7.8655,13:23,7.8655,10,floor@BE *AMBIG,0.0,0.0,0.0
2026-06-12,"P3-B(touch,vol>5k)",UBXG,14:31,8.3733,14:32,8.3733,10,floor@BE,0.0,0.0,0.0
2026-06-12,"P3-B(touch,vol>5k)",UBXG,15:50,8.8125,15:51,8.9887,5,scale+2% *AMBIG,0.881,1.999,0.881
2026-06-12,"P3-B(touch,vol>5k)",UBXG,15:50,8.8125,15:51,8.9447,5,floor+1.50% *AMBIG,0.661,1.5,1.542
2026-06-12,P1-MACD Cross,UBXG,14:42,8.3,14:43,8.466,5,scale+2%,0.83,2.0,0.83
2026-06-12,P1-MACD Cross,UBXG,14:42,8.3,14:43,8.3415,5,floor+0.50%,0.2075,0.5,1.0375
2026-06-12,P1-MACD Cross,UBXG,15:50,9.11,15:51,8.9733,10,hard-stop,-1.367,-1.501,-1.367
2026-06-12,P2-VWAP Breakout,UBXG,12:27,8.15,12:28,8.0278,10,hard-stop,-1.222,-1.499,-1.222
2026-06-12,P2-VWAP Breakout,UBXG,12:30,8.3,12:31,8.1755,10,hard-stop,-1.245,-1.5,-1.245
2026-06-12,P2-VWAP Breakout,UBXG,13:24,8.77,13:25,8.9454,5,scale+2% *AMBIG,0.877,2.0,0.877
2026-06-12,P2-VWAP Breakout,UBXG,13:24,8.77,13:25,8.9015,5,floor+1.50% *AMBIG,0.6575,1.499,1.5345
2026-06-12,"P3-B(touch,vol>5k)",DSY,07:40,8.2838,07:41,8.4495,5,scale+2% *AMBIG,0.8285,2.0,0.8285
2026-06-12,"P3-B(touch,vol>5k)",DSY,07:40,8.2838,07:41,8.3252,5,floor+0.50% *AMBIG,0.207,0.5,1.0355
2026-06-12,"P3-B(touch,vol>5k)",DSY,08:25,6.9888,08:26,6.884,10,hard-stop,-1.048,-1.5,-1.048
2026-06-12,"P3-B(touch,vol>5k)",DSY,09:40,7.1012,09:41,6.9947,10,hard-stop,-1.065,-1.5,-1.065
2026-06-12,"P3-B(touch,vol>5k)",DSY,12:09,5.2083,12:11,5.1302,10,hard-stop,-0.781,-1.5,-0.781
2026-06-12,"P3-B(touch,vol>5k)",DSY,13:17,5.2701,13:21,5.191,10,hard-stop,-0.791,-1.501,-0.791
2026-06-12,"P3-B(touch,vol>5k)",DSY,13:42,5.1843,13:43,5.1065,10,hard-stop,-0.778,-1.501,-0.778
2026-06-12,"P3-B(touch,vol>5k)",CAST,12:17,1.4335,12:18,1.4622,5,scale+2%,0.1435,2.002,0.1435
2026-06-12,"P3-B(touch,vol>5k)",CAST,12:17,1.4335,12:18,1.455,5,floor+1.50%,0.1075,1.5,0.251
2026-06-12,"P3-B(touch,vol>5k)",CAST,12:52,1.8929,12:57,1.8645,10,hard-stop,-0.284,-1.5,-0.284
2026-06-12,"P3-B(touch,vol>5k)",CAST,17:32,1.3058,17:33,1.3058,10,floor@BE,0.0,0.0,0.0
2026-06-12,"P3-B(touch,vol>5k)",CAST,19:24,1.3868,19:25,1.4423,7,scale+4%,0.3885,4.002,0.3885
2026-06-12,"P3-B(touch,vol>5k)",CAST,19:24,1.3868,19:25,1.4891,3,floor+7.38%,0.3069,7.377,0.6954
2026-06-12,"P3-B(touch,vol>5k)",CAST,19:53,1.4136,19:54,1.3924,10,hard-stop,-0.212,-1.5,-0.212
2026-06-12,P1-MACD Cross,CAST,15:15,1.6599,15:16,1.6931,5,scale+2% *AMBIG,0.166,2.0,0.166
2026-06-12,P1-MACD Cross,CAST,15:15,1.6599,15:16,1.6682,5,floor+0.50% *AMBIG,0.0415,0.5,0.2075
2026-06-12,P1-MACD Cross,CAST,15:33,1.73,15:34,1.7041,10,hard-stop,-0.259,-1.497,-0.259
2026-06-12,P1-MACD Cross,CAST,15:55,1.595,15:56,1.595,10,floor@BE *AMBIG,0.0,0.0,0.0
2026-06-12,P1-MACD Cross,CAST,19:24,1.468,19:25,1.4974,5,scale+2%,0.147,2.003,0.147
2026-06-12,P1-MACD Cross,CAST,19:24,1.468,19:25,1.4753,5,floor+0.50%,0.0365,0.497,0.1835
2026-06-12,P2-VWAP Breakout,CAST,14:58,1.52,14:59,1.52,10,floor@BE *AMBIG,0.0,0.0,0.0
2026-06-12,P2-VWAP Breakout,CAST,15:01,1.555,15:02,1.555,10,floor@BE *AMBIG,0.0,0.0,0.0
